Terytorium;Przyst?pi?o/zda?o ;P?e? ;Rok;Liczba os?b
Polska;przyst?pi?o;m?czy?ni;2010;160988
Polska;przyst?pi?o;kobiety;2010;205635
Polska;przyst?pi?o;m?czy?ni;2011;150984
Polska;przyst?pi?o;kobiety;2011;192840
Polska;przyst?pi?o;m?czy?ni;2012;145321
Polska;przyst?pi?o;kobiety;2012;184697
Polska;przyst?pi?o;m?czy?ni;2013;139294
Polska;przyst?pi?o;kobiety;2013;175191
Polska;przyst?pi?o;m?czy?ni;2014;130721
Polska;przyst?pi?o;kobiety;2014;163253
Polska;przyst?pi?o;m?czy?ni;2015;123785
Polska;przyst?pi?o;kobiety;2015;151783
Polska;przyst?pi?o;m?czy?ni;2016;115469
Polska;przyst?pi?o;kobiety;2016;142903
Polska;przyst?pi?o;m?czy?ni;2017;116577
Polska;przyst?pi?o;kobiety;2017;141453
Polska;przyst?pi?o;m?czy?ni;2018;112592
Polska;przyst?pi?o;kobiety;2018;135248
Polska;zda?o;m?czy?ni;2010;129647
Polska;zda?o;kobiety;2010;169125
Polska;zda?o;m?czy?ni;2011;113551
Polska;zda?o;kobiety;2011;145978
Polska;zda?o;m?czy?ni;2012;116132
Polska;zda?o;kobiety;2012;148990
Polska;zda?o;m?czy?ni;2013;111469
Polska;zda?o;kobiety;2013;143588
Polska;zda?o;m?czy?ni;2014;91146
Polska;zda?o;kobiety;2014;116877
Polska;zda?o;m?czy?ni;2015;91984
Polska;zda?o;kobiety;2015;112513
Polska;zda?o;m?czy?ni;2016;91574
Polska;zda?o;kobiety;2016;113787
Polska;zda?o;m?czy?ni;2017;91334
Polska;zda?o;kobiety;2017;111216
Polska;zda?o;m?czy?ni;2018;88637
Polska;zda?o;kobiety;2018;108779
Dolno?l?skie;przyst?pi?o;m?czy?ni;2010;9951
Dolno?l?skie;przyst?pi?o;kobiety;2010;13448
Dolno?l?skie;przyst?pi?o;m?czy?ni;2011;9386
Dolno?l?skie;przyst?pi?o;kobiety;2011;12146
Dolno?l?skie;przyst?pi?o;m?czy?ni;2012;9187
Dolno?l?skie;przyst?pi?o;kobiety;2012;11752
Dolno?l?skie;przyst?pi?o;m?czy?ni;2013;8764
Dolno?l?skie;przyst?pi?o;kobiety;2013;11370
Dolno?l?skie;przyst?pi?o;m?czy?ni;2014;8459
Dolno?l?skie;przyst?pi?o;kobiety;2014;10474
Dolno?l?skie;przyst?pi?o;m?czy?ni;2015;8184
Dolno?l?skie;przyst?pi?o;kobiety;2015;9579
Dolno?l?skie;przyst?pi?o;m?czy?ni;2016;7481
Dolno?l?skie;przyst?pi?o;kobiety;2016;9208
Dolno?l?skie;przyst?pi?o;m?czy?ni;2017;7554
Dolno?l?skie;przyst?pi?o;kobiety;2017;9077
Dolno?l?skie;przyst?pi?o;m?czy?ni;2018;7054
Dolno?l?skie;przyst?pi?o;kobiety;2018;8444
Dolno?l?skie;zda?o;m?czy?ni;2010;8171
Dolno?l?skie;zda?o;kobiety;2010;11005
Dolno?l?skie;zda?o;m?czy?ni;2011;7090
Dolno?l?skie;zda?o;kobiety;2011;9018
Dolno?l?skie;zda?o;m?czy?ni;2012;7425
Dolno?l?skie;zda?o;kobiety;2012;9344
Dolno?l?skie;zda?o;m?czy?ni;2013;7019
Dolno?l?skie;zda?o;kobiety;2013;9208
Dolno?l?skie;zda?o;m?czy?ni;2014;5881
Dolno?l?skie;zda?o;kobiety;2014;7223
Dolno?l?skie;zda?o;m?czy?ni;2015;6054
Dolno?l?skie;zda?o;kobiety;2015;6871
Dolno?l?skie;zda?o;m?czy?ni;2016;5873
Dolno?l?skie;zda?o;kobiety;2016;7041
Dolno?l?skie;zda?o;m?czy?ni;2017;5833
Dolno?l?skie;zda?o;kobiety;2017;6820
Dolno?l?skie;zda?o;m?czy?ni;2018;5474
Dolno?l?skie;zda?o;kobiety;2018;6476
Kujawsko-pomorskie;przyst?pi?o;m?czy?ni;2010;8001
Kujawsko-pomorskie;przyst?pi?o;kobiety;2010;10636
Kujawsko-pomorskie;przyst?pi?o;m?czy?ni;2011;7554
Kujawsko-pomorskie;przyst?pi?o;kobiety;2011;10334
Kujawsko-pomorskie;przyst?pi?o;m?czy?ni;2012;7218
Kujawsko-pomorskie;przyst?pi?o;kobiety;2012;9541
Kujawsko-pomorskie;przyst?pi?o;m?czy?ni;2013;7208
Kujawsko-pomorskie;przyst?pi?o;kobiety;2013;9346
Kujawsko-pomorskie;przyst?pi?o;m?czy?ni;2014;6700
Kujawsko-pomorskie;przyst?pi?o;kobiety;2014;8779
Kujawsko-pomorskie;przyst?pi?o;m?czy?ni;2015;6593
Kujawsko-pomorskie;przyst?pi?o;kobiety;2015;8295
Kujawsko-pomorskie;przyst?pi?o;m?czy?ni;2016;6002
Kujawsko-pomorskie;przyst?pi?o;kobiety;2016;7560
Kujawsko-pomorskie;przyst?pi?o;m?czy?ni;2017;6165
Kujawsko-pomorskie;przyst?pi?o;kobiety;2017;7359
Kujawsko-pomorskie;przyst?pi?o;m?czy?ni;2018;5615
Kujawsko-pomorskie;przyst?pi?o;kobiety;2018;6883
Kujawsko-pomorskie;zda?o;m?czy?ni;2010;6642
Kujawsko-pomorskie;zda?o;kobiety;2010;8803
Kujawsko-pomorskie;zda?o;m?czy?ni;2011;5733
Kujawsko-pomorskie;zda?o;kobiety;2011;7696
Kujawsko-pomorskie;zda?o;m?czy?ni;2012;5798
Kujawsko-pomorskie;zda?o;kobiety;2012;7689
Kujawsko-pomorskie;zda?o;m?czy?ni;2013;5814
Kujawsko-pomorskie;zda?o;kobiety;2013;7705
Kujawsko-pomorskie;zda?o;m?czy?ni;2014;4808
Kujawsko-pomorskie;zda?o;kobiety;2014;6166
Kujawsko-pomorskie;zda?o;m?czy?ni;2015;4930
Kujawsko-pomorskie;zda?o;kobiety;2015;5990
Kujawsko-pomorskie;zda?o;m?czy?ni;2016;4736
Kujawsko-pomorskie;zda?o;kobiety;2016;5920
Kujawsko-pomorskie;zda?o;m?czy?ni;2017;4757
Kujawsko-pomorskie;zda?o;kobiety;2017;5791
Kujawsko-pomorskie;zda?o;m?czy?ni;2018;4360
Kujawsko-pomorskie;zda?o;kobiety;2018;5415
Lubelskie;przyst?pi?o;m?czy?ni;2010;10442
Lubelskie;przyst?pi?o;kobiety;2010;13185
Lubelskie;przyst?pi?o;m?czy?ni;2011;10006
Lubelskie;przyst?pi?o;kobiety;2011;12715
Lubelskie;przyst?pi?o;m?czy?ni;2012;9670
Lubelskie;przyst?pi?o;kobiety;2012;11861
Lubelskie;przyst?pi?o;m?czy?ni;2013;9117
Lubelskie;przyst?pi?o;kobiety;2013;11425
Lubelskie;przyst?pi?o;m?czy?ni;2014;8448
Lubelskie;przyst?pi?o;kobiety;2014;10361
Lubelskie;przyst?pi?o;m?czy?ni;2015;7807
Lubelskie;przyst?pi?o;kobiety;2015;9656
Lubelskie;przyst?pi?o;m?czy?ni;2016;7336
Lubelskie;przyst?pi?o;kobiety;2016;9096
Lubelskie;przyst?pi?o;m?czy?ni;2017;7512
Lubelskie;przyst?pi?o;kobiety;2017;9234
Lubelskie;przyst?pi?o;m?czy?ni;2018;2543
Lubelskie;przyst?pi?o;kobiety;2018;3160
Lubelskie;zda?o;m?czy?ni;2010;8124
Lubelskie;zda?o;kobiety;2010;10738
Lubelskie;zda?o;m?czy?ni;2011;7246
Lubelskie;zda?o;kobiety;2011;9574
Lubelskie;zda?o;m?czy?ni;2012;7594
Lubelskie;zda?o;kobiety;2012;9627
Lubelskie;zda?o;m?czy?ni;2013;7186
Lubelskie;zda?o;kobiety;2013;9300
Lubelskie;zda?o;m?czy?ni;2014;5752
Lubelskie;zda?o;kobiety;2014;7458
Lubelskie;zda?o;m?czy?ni;2015;5617
Lubelskie;zda?o;kobiety;2015;7102
Lubelskie;zda?o;m?czy?ni;2016;5761
Lubelskie;zda?o;kobiety;2016;7287
Lubelskie;zda?o;m?czy?ni;2017;5783
Lubelskie;zda?o;kobiety;2017;7247
Lubelskie;zda?o;m?czy?ni;2018;2043
Lubelskie;zda?o;kobiety;2018;2502
Lubuskie;przyst?pi?o;m?czy?ni;2010;3745
Lubuskie;przyst?pi?o;kobiety;2010;5079
Lubuskie;przyst?pi?o;m?czy?ni;2011;3351
Lubuskie;przyst?pi?o;kobiety;2011;4439
Lubuskie;przyst?pi?o;m?czy?ni;2012;3203
Lubuskie;przyst?pi?o;kobiety;2012;4353
Lubuskie;przyst?pi?o;m?czy?ni;2013;3121
Lubuskie;przyst?pi?o;kobiety;2013;4222
Lubuskie;przyst?pi?o;m?czy?ni;2014;3028
Lubuskie;przyst?pi?o;kobiety;2014;3959
Lubuskie;przyst?pi?o;m?czy?ni;2015;2811
Lubuskie;przyst?pi?o;kobiety;2015;3532
Lubuskie;przyst?pi?o;m?czy?ni;2016;2520
Lubuskie;przyst?pi?o;kobiety;2016;3244
Lubuskie;przyst?pi?o;m?czy?ni;2017;2687
Lubuskie;przyst?pi?o;kobiety;2017;3272
Lubuskie;przyst?pi?o;m?czy?ni;2018;7219
Lubuskie;przyst?pi?o;kobiety;2018;8531
Lubuskie;zda?o;m?czy?ni;2010;3067
Lubuskie;zda?o;kobiety;2010;4197
Lubuskie;zda?o;m?czy?ni;2011;2593
Lubuskie;zda?o;kobiety;2011;3378
Lubuskie;zda?o;m?czy?ni;2012;2684
Lubuskie;zda?o;kobiety;2012;3538
Lubuskie;zda?o;m?czy?ni;2013;2608
Lubuskie;zda?o;kobiety;2013;3498
Lubuskie;zda?o;m?czy?ni;2014;2260
Lubuskie;zda?o;kobiety;2014;2887
Lubuskie;zda?o;m?czy?ni;2015;2166
Lubuskie;zda?o;kobiety;2015;2642
Lubuskie;zda?o;m?czy?ni;2016;2068
Lubuskie;zda?o;kobiety;2016;2631
Lubuskie;zda?o;m?czy?ni;2017;2185
Lubuskie;zda?o;kobiety;2017;2568
Lubuskie;zda?o;m?czy?ni;2018;5562
Lubuskie;zda?o;kobiety;2018;6926
??dzkie;przyst?pi?o;m?czy?ni;2010;10280
??dzkie;przyst?pi?o;kobiety;2010;13152
??dzkie;przyst?pi?o;m?czy?ni;2011;9715
??dzkie;przyst?pi?o;kobiety;2011;12110
??dzkie;przyst?pi?o;m?czy?ni;2012;9181
??dzkie;przyst?pi?o;kobiety;2012;11925
??dzkie;przyst?pi?o;m?czy?ni;2013;8985
??dzkie;przyst?pi?o;kobiety;2013;11134
??dzkie;przyst?pi?o;m?czy?ni;2014;8318
??dzkie;przyst?pi?o;kobiety;2014;10353
??dzkie;przyst?pi?o;m?czy?ni;2015;7896
??dzkie;przyst?pi?o;kobiety;2015;9600
??dzkie;przyst?pi?o;m?czy?ni;2016;7462
??dzkie;przyst?pi?o;kobiety;2016;8940
??dzkie;przyst?pi?o;m?czy?ni;2017;7233
??dzkie;przyst?pi?o;kobiety;2017;8956
??dzkie;przyst?pi?o;m?czy?ni;2018;7178
??dzkie;przyst?pi?o;kobiety;2018;8480
??dzkie;zda?o;m?czy?ni;2010;8243
??dzkie;zda?o;kobiety;2010;10951
??dzkie;zda?o;m?czy?ni;2011;7330
??dzkie;zda?o;kobiety;2011;9257
??dzkie;zda?o;m?czy?ni;2012;7287
??dzkie;zda?o;kobiety;2012;9616
??dzkie;zda?o;m?czy?ni;2013;7097
??dzkie;zda?o;kobiety;2013;9109
??dzkie;zda?o;m?czy?ni;2014;5777
??dzkie;zda?o;kobiety;2014;7538
??dzkie;zda?o;m?czy?ni;2015;5843
??dzkie;zda?o;kobiety;2015;7080
??dzkie;zda?o;m?czy?ni;2016;5820
??dzkie;zda?o;kobiety;2016;7284
??dzkie;zda?o;m?czy?ni;2017;5699
??dzkie;zda?o;kobiety;2017;7166
??dzkie;zda?o;m?czy?ni;2018;5583
??dzkie;zda?o;kobiety;2018;6833
Ma?opolskie;przyst?pi?o;m?czy?ni;2010;15190
Ma?opolskie;przyst?pi?o;kobiety;2010;19794
Ma?opolskie;przyst?pi?o;m?czy?ni;2011;14637
Ma?opolskie;przyst?pi?o;kobiety;2011;18681
Ma?opolskie;przyst?pi?o;m?czy?ni;2012;13877
Ma?opolskie;przyst?pi?o;kobiety;2012;17914
Ma?opolskie;przyst?pi?o;m?czy?ni;2013;13273
Ma?opolskie;przyst?pi?o;kobiety;2013;16982
Ma?opolskie;przyst?pi?o;m?czy?ni;2014;12562
Ma?opolskie;przyst?pi?o;kobiety;2014;15697
Ma?opolskie;przyst?pi?o;m?czy?ni;2015;11843
Ma?opolskie;przyst?pi?o;kobiety;2015;14577
Ma?opolskie;przyst?pi?o;m?czy?ni;2016;11143
Ma?opolskie;przyst?pi?o;kobiety;2016;13893
Ma?opolskie;przyst?pi?o;m?czy?ni;2017;11016
Ma?opolskie;przyst?pi?o;kobiety;2017;13789
Ma?opolskie;przyst?pi?o;m?czy?ni;2018;11042
Ma?opolskie;przyst?pi?o;kobiety;2018;13826
Ma?opolskie;zda?o;m?czy?ni;2010;12328
Ma?opolskie;zda?o;kobiety;2010;16558
Ma?opolskie;zda?o;m?czy?ni;2011;11328
Ma?opolskie;zda?o;kobiety;2011;14413
Ma?opolskie;zda?o;m?czy?ni;2012;11427
Ma?opolskie;zda?o;kobiety;2012;14782
Ma?opolskie;zda?o;m?czy?ni;2013;10931
Ma?opolskie;zda?o;kobiety;2013;14343
Ma?opolskie;zda?o;m?czy?ni;2014;8951
Ma?opolskie;zda?o;kobiety;2014;11630
Ma?opolskie;zda?o;m?czy?ni;2015;9173
Ma?opolskie;zda?o;kobiety;2015;11297
Ma?opolskie;zda?o;m?czy?ni;2016;9152
Ma?opolskie;zda?o;kobiety;2016;11410
Ma?opolskie;zda?o;m?czy?ni;2017;9002
Ma?opolskie;zda?o;kobiety;2017;11482
Ma?opolskie;zda?o;m?czy?ni;2018;9099
Ma?opolskie;zda?o;kobiety;2018;11580
Mazowieckie;przyst?pi?o;m?czy?ni;2010;22265
Mazowieckie;przyst?pi?o;kobiety;2010;27651
Mazowieckie;przyst?pi?o;m?czy?ni;2011;20920
Mazowieckie;przyst?pi?o;kobiety;2011;26010
Mazowieckie;przyst?pi?o;m?czy?ni;2012;20796
Mazowieckie;przyst?pi?o;kobiety;2012;25683
Mazowieckie;przyst?pi?o;m?czy?ni;2013;20071
Mazowieckie;przyst?pi?o;kobiety;2013;24151
Mazowieckie;przyst?pi?o;m?czy?ni;2014;19384
Mazowieckie;przyst?pi?o;kobiety;2014;23365
Mazowieckie;przyst?pi?o;m?czy?ni;2015;18074
Mazowieckie;przyst?pi?o;kobiety;2015;21622
Mazowieckie;przyst?pi?o;m?czy?ni;2016;17140
Mazowieckie;przyst?pi?o;kobiety;2016;20468
Mazowieckie;przyst?pi?o;m?czy?ni;2017;17474
Mazowieckie;przyst?pi?o;kobiety;2017;20174
Mazowieckie;przyst?pi?o;m?czy?ni;2018;17099
Mazowieckie;przyst?pi?o;kobiety;2018;19815
Mazowieckie;zda?o;m?czy?ni;2010;18015
Mazowieckie;zda?o;kobiety;2010;22719
Mazowieckie;zda?o;m?czy?ni;2011;15920
Mazowieckie;zda?o;kobiety;2011;19934
Mazowieckie;zda?o;m?czy?ni;2012;16628
Mazowieckie;zda?o;kobiety;2012;20818
Mazowieckie;zda?o;m?czy?ni;2013;16004
Mazowieckie;zda?o;kobiety;2013;19783
Mazowieckie;zda?o;m?czy?ni;2014;13571
Mazowieckie;zda?o;kobiety;2014;16901
Mazowieckie;zda?o;m?czy?ni;2015;13439
Mazowieckie;zda?o;kobiety;2015;16255
Mazowieckie;zda?o;m?czy?ni;2016;13982
Mazowieckie;zda?o;kobiety;2016;16672
Mazowieckie;zda?o;m?czy?ni;2017;13953
Mazowieckie;zda?o;kobiety;2017;16290
Mazowieckie;zda?o;m?czy?ni;2018;13712
Mazowieckie;zda?o;kobiety;2018;16256
Opolskie;przyst?pi?o;m?czy?ni;2010;4148
Opolskie;przyst?pi?o;kobiety;2010;5067
Opolskie;przyst?pi?o;m?czy?ni;2011;3597
Opolskie;przyst?pi?o;kobiety;2011;4638
Opolskie;przyst?pi?o;m?czy?ni;2012;3502
Opolskie;przyst?pi?o;kobiety;2012;4378
Opolskie;przyst?pi?o;m?czy?ni;2013;3303
Opolskie;przyst?pi?o;kobiety;2013;4104
Opolskie;przyst?pi?o;m?czy?ni;2014;2970
Opolskie;przyst?pi?o;kobiety;2014;3863
Opolskie;przyst?pi?o;m?czy?ni;2015;2888
Opolskie;przyst?pi?o;kobiety;2015;3488
Opolskie;przyst?pi?o;m?czy?ni;2016;2665
Opolskie;przyst?pi?o;kobiety;2016;3446
Opolskie;przyst?pi?o;m?czy?ni;2017;2686
Opolskie;przyst?pi?o;kobiety;2017;3385
Opolskie;przyst?pi?o;m?czy?ni;2018;2522
Opolskie;przyst?pi?o;kobiety;2018;3035
Opolskie;zda?o;m?czy?ni;2010;3368
Opolskie;zda?o;kobiety;2010;4185
Opolskie;zda?o;m?czy?ni;2011;2661
Opolskie;zda?o;kobiety;2011;3510
Opolskie;zda?o;m?czy?ni;2012;2756
Opolskie;zda?o;kobiety;2012;3533
Opolskie;zda?o;m?czy?ni;2013;2610
Opolskie;zda?o;kobiety;2013;3375
Opolskie;zda?o;m?czy?ni;2014;2019
Opolskie;zda?o;kobiety;2014;2754
Opolskie;zda?o;m?czy?ni;2015;2188
Opolskie;zda?o;kobiety;2015;2622
Opolskie;zda?o;m?czy?ni;2016;2132
Opolskie;zda?o;kobiety;2016;2708
Opolskie;zda?o;m?czy?ni;2017;2093
Opolskie;zda?o;kobiety;2017;2619
Opolskie;zda?o;m?czy?ni;2018;1971
Opolskie;zda?o;kobiety;2018;2384
Podkarpackie;przyst?pi?o;m?czy?ni;2010;10459
Podkarpackie;przyst?pi?o;kobiety;2010;13194
Podkarpackie;przyst?pi?o;m?czy?ni;2011;9937
Podkarpackie;przyst?pi?o;kobiety;2011;12784
Podkarpackie;przyst?pi?o;m?czy?ni;2012;9405
Podkarpackie;przyst?pi?o;kobiety;2012;12344
Podkarpackie;przyst?pi?o;m?czy?ni;2013;8959
Podkarpackie;przyst?pi?o;kobiety;2013;11403
Podkarpackie;przyst?pi?o;m?czy?ni;2014;8437
Podkarpackie;przyst?pi?o;kobiety;2014;10449
Podkarpackie;przyst?pi?o;m?czy?ni;2015;8154
Podkarpackie;przyst?pi?o;kobiety;2015;9826
Podkarpackie;przyst?pi?o;m?czy?ni;2016;7463
Podkarpackie;przyst?pi?o;kobiety;2016;9373
Podkarpackie;przyst?pi?o;m?czy?ni;2017;7575
Podkarpackie;przyst?pi?o;kobiety;2017;9385
Podkarpackie;przyst?pi?o;m?czy?ni;2018;7244
Podkarpackie;przyst?pi?o;kobiety;2018;8667
Podkarpackie;zda?o;m?czy?ni;2010;8263
Podkarpackie;zda?o;kobiety;2010;10890
Podkarpackie;zda?o;m?czy?ni;2011;7303
Podkarpackie;zda?o;kobiety;2011;9632
Podkarpackie;zda?o;m?czy?ni;2012;7408
Podkarpackie;zda?o;kobiety;2012;9900
Podkarpackie;zda?o;m?czy?ni;2013;7056
Podkarpackie;zda?o;kobiety;2013;9485
Podkarpackie;zda?o;m?czy?ni;2014;5678
Podkarpackie;zda?o;kobiety;2014;7663
Podkarpackie;zda?o;m?czy?ni;2015;6035
Podkarpackie;zda?o;kobiety;2015;7394
Podkarpackie;zda?o;m?czy?ni;2016;5870
Podkarpackie;zda?o;kobiety;2016;7608
Podkarpackie;zda?o;m?czy?ni;2017;5850
Podkarpackie;zda?o;kobiety;2017;7355
Podkarpackie;zda?o;m?czy?ni;2018;5712
Podkarpackie;zda?o;kobiety;2018;7112
Podlaskie;przyst?pi?o;m?czy?ni;2010;6004
Podlaskie;przyst?pi?o;kobiety;2010;7371
Podlaskie;przyst?pi?o;m?czy?ni;2011;5643
Podlaskie;przyst?pi?o;kobiety;2011;6970
Podlaskie;przyst?pi?o;m?czy?ni;2012;5483
Podlaskie;przyst?pi?o;kobiety;2012;6721
Podlaskie;przyst?pi?o;m?czy?ni;2013;5360
Podlaskie;przyst?pi?o;kobiety;2013;6375
Podlaskie;przyst?pi?o;m?czy?ni;2014;4867
Podlaskie;przyst?pi?o;kobiety;2014;5907
Podlaskie;przyst?pi?o;m?czy?ni;2015;4441
Podlaskie;przyst?pi?o;kobiety;2015;5390
Podlaskie;przyst?pi?o;m?czy?ni;2016;4112
Podlaskie;przyst?pi?o;kobiety;2016;5032
Podlaskie;przyst?pi?o;m?czy?ni;2017;4108
Podlaskie;przyst?pi?o;kobiety;2017;4824
Podlaskie;przyst?pi?o;m?czy?ni;2018;3797
Podlaskie;przyst?pi?o;kobiety;2018;4624
Podlaskie;zda?o;m?czy?ni;2010;4785
Podlaskie;zda?o;kobiety;2010;6024
Podlaskie;zda?o;m?czy?ni;2011;4271
Podlaskie;zda?o;kobiety;2011;5412
Podlaskie;zda?o;m?czy?ni;2012;4429
Podlaskie;zda?o;kobiety;2012;5545
Podlaskie;zda?o;m?czy?ni;2013;4294
Podlaskie;zda?o;kobiety;2013;5309
Podlaskie;zda?o;m?czy?ni;2014;3380
Podlaskie;zda?o;kobiety;2014;4474
Podlaskie;zda?o;m?czy?ni;2015;3253
Podlaskie;zda?o;kobiety;2015;4164
Podlaskie;zda?o;m?czy?ni;2016;3277
Podlaskie;zda?o;kobiety;2016;4120
Podlaskie;zda?o;m?czy?ni;2017;3292
Podlaskie;zda?o;kobiety;2017;3891
Podlaskie;zda?o;m?czy?ni;2018;3028
Podlaskie;zda?o;kobiety;2018;3809
Pomorskie;przyst?pi?o;m?czy?ni;2010;9165
Pomorskie;przyst?pi?o;kobiety;2010;11798
Pomorskie;przyst?pi?o;m?czy?ni;2011;8546
Pomorskie;przyst?pi?o;kobiety;2011;10811
Pomorskie;przyst?pi?o;m?czy?ni;2012;8110
Pomorskie;przyst?pi?o;kobiety;2012;10329
Pomorskie;przyst?pi?o;m?czy?ni;2013;7735
Pomorskie;przyst?pi?o;kobiety;2013;9820
Pomorskie;przyst?pi?o;m?czy?ni;2014;7264
Pomorskie;przyst?pi?o;kobiety;2014;9173
Pomorskie;przyst?pi?o;m?czy?ni;2015;7054
Pomorskie;przyst?pi?o;kobiety;2015;8910
Pomorskie;przyst?pi?o;m?czy?ni;2016;6338
Pomorskie;przyst?pi?o;kobiety;2016;8117
Pomorskie;przyst?pi?o;m?czy?ni;2017;6626
Pomorskie;przyst?pi?o;kobiety;2017;8244
Pomorskie;przyst?pi?o;m?czy?ni;2018;6665
Pomorskie;przyst?pi?o;kobiety;2018;7933
Pomorskie;zda?o;m?czy?ni;2010;7488
Pomorskie;zda?o;kobiety;2010;9629
Pomorskie;zda?o;m?czy?ni;2011;6503
Pomorskie;zda?o;kobiety;2011;7938
Pomorskie;zda?o;m?czy?ni;2012;6546
Pomorskie;zda?o;kobiety;2012;8260
Pomorskie;zda?o;m?czy?ni;2013;6247
Pomorskie;zda?o;kobiety;2013;7938
Pomorskie;zda?o;m?czy?ni;2014;5200
Pomorskie;zda?o;kobiety;2014;6476
Pomorskie;zda?o;m?czy?ni;2015;5259
Pomorskie;zda?o;kobiety;2015;6428
Pomorskie;zda?o;m?czy?ni;2016;5071
Pomorskie;zda?o;kobiety;2016;6414
Pomorskie;zda?o;m?czy?ni;2017;5198
Pomorskie;zda?o;kobiety;2017;6418
Pomorskie;zda?o;m?czy?ni;2018;5171
Pomorskie;zda?o;kobiety;2018;6133
?l?skie;przyst?pi?o;m?czy?ni;2010;19020
?l?skie;przyst?pi?o;kobiety;2010;22991
?l?skie;przyst?pi?o;m?czy?ni;2011;17624
?l?skie;przyst?pi?o;kobiety;2011;21466
?l?skie;przyst?pi?o;m?czy?ni;2012;16497
?l?skie;przyst?pi?o;kobiety;2012;19682
?l?skie;przyst?pi?o;m?czy?ni;2013;15809
?l?skie;przyst?pi?o;kobiety;2013;19232
?l?skie;przyst?pi?o;m?czy?ni;2014;14522
?l?skie;przyst?pi?o;kobiety;2014;17211
?l?skie;przyst?pi?o;m?czy?ni;2015;13707
?l?skie;przyst?pi?o;kobiety;2015;16100
?l?skie;przyst?pi?o;m?czy?ni;2016;13039
?l?skie;przyst?pi?o;kobiety;2016;15322
?l?skie;przyst?pi?o;m?czy?ni;2017;13288
?l?skie;przyst?pi?o;kobiety;2017;15054
?l?skie;przyst?pi?o;m?czy?ni;2018;12633
?l?skie;przyst?pi?o;kobiety;2018;14565
?l?skie;zda?o;m?czy?ni;2010;15412
?l?skie;zda?o;kobiety;2010;19030
?l?skie;zda?o;m?czy?ni;2011;13276
?l?skie;zda?o;kobiety;2011;16329
?l?skie;zda?o;m?czy?ni;2012;13214
?l?skie;zda?o;kobiety;2012;16004
?l?skie;zda?o;m?czy?ni;2013;12800
?l?skie;zda?o;kobiety;2013;15785
?l?skie;zda?o;m?czy?ni;2014;10163
?l?skie;zda?o;kobiety;2014;12367
?l?skie;zda?o;m?czy?ni;2015;10354
?l?skie;zda?o;kobiety;2015;12208
?l?skie;zda?o;m?czy?ni;2016;10086
?l?skie;zda?o;kobiety;2016;11963
?l?skie;zda?o;m?czy?ni;2017;10242
?l?skie;zda?o;kobiety;2017;11670
?l?skie;zda?o;m?czy?ni;2018;9851
?l?skie;zda?o;kobiety;2018;11680
?wi?tokrzyskie;przyst?pi?o;m?czy?ni;2010;5943
?wi?tokrzyskie;przyst?pi?o;kobiety;2010;7533
?wi?tokrzyskie;przyst?pi?o;m?czy?ni;2011;5590
?wi?tokrzyskie;przyst?pi?o;kobiety;2011;7252
?wi?tokrzyskie;przyst?pi?o;m?czy?ni;2012;5442
?wi?tokrzyskie;przyst?pi?o;kobiety;2012;7093
?wi?tokrzyskie;przyst?pi?o;m?czy?ni;2013;5179
?wi?tokrzyskie;przyst?pi?o;kobiety;2013;6382
?wi?tokrzyskie;przyst?pi?o;m?czy?ni;2014;4776
?wi?tokrzyskie;przyst?pi?o;kobiety;2014;6022
?wi?tokrzyskie;przyst?pi?o;m?czy?ni;2015;4471
?wi?tokrzyskie;przyst?pi?o;kobiety;2015;5710
?wi?tokrzyskie;przyst?pi?o;m?czy?ni;2016;4229
?wi?tokrzyskie;przyst?pi?o;kobiety;2016;5305
?wi?tokrzyskie;przyst?pi?o;m?czy?ni;2017;3969
?wi?tokrzyskie;przyst?pi?o;kobiety;2017;5238
?wi?tokrzyskie;przyst?pi?o;m?czy?ni;2018;4066
?wi?tokrzyskie;przyst?pi?o;kobiety;2018;4777
?wi?tokrzyskie;zda?o;m?czy?ni;2010;4604
?wi?tokrzyskie;zda?o;kobiety;2010;6189
?wi?tokrzyskie;zda?o;m?czy?ni;2011;4156
?wi?tokrzyskie;zda?o;kobiety;2011;5641
?wi?tokrzyskie;zda?o;m?czy?ni;2012;4152
?wi?tokrzyskie;zda?o;kobiety;2012;5612
?wi?tokrzyskie;zda?o;m?czy?ni;2013;4030
?wi?tokrzyskie;zda?o;kobiety;2013;5150
?wi?tokrzyskie;zda?o;m?czy?ni;2014;3268
?wi?tokrzyskie;zda?o;kobiety;2014;4407
?wi?tokrzyskie;zda?o;m?czy?ni;2015;3302
?wi?tokrzyskie;zda?o;kobiety;2015;4351
?wi?tokrzyskie;zda?o;m?czy?ni;2016;3322
?wi?tokrzyskie;zda?o;kobiety;2016;4315
?wi?tokrzyskie;zda?o;m?czy?ni;2017;3035
?wi?tokrzyskie;zda?o;kobiety;2017;4172
?wi?tokrzyskie;zda?o;m?czy?ni;2018;3208
?wi?tokrzyskie;zda?o;kobiety;2018;3869
Warmi?sko-Mazurskie;przyst?pi?o;m?czy?ni;2010;5889
Warmi?sko-Mazurskie;przyst?pi?o;kobiety;2010;7890
Warmi?sko-Mazurskie;przyst?pi?o;m?czy?ni;2011;5701
Warmi?sko-Mazurskie;przyst?pi?o;kobiety;2011;7398
Warmi?sko-Mazurskie;przyst?pi?o;m?czy?ni;2012;5315
Warmi?sko-Mazurskie;przyst?pi?o;kobiety;2012;7134
Warmi?sko-Mazurskie;przyst?pi?o;m?czy?ni;2013;4979
Warmi?sko-Mazurskie;przyst?pi?o;kobiety;2013;6537
Warmi?sko-Mazurskie;przyst?pi?o;m?czy?ni;2014;4729
Warmi?sko-Mazurskie;przyst?pi?o;kobiety;2014;6257
Warmi?sko-Mazurskie;przyst?pi?o;m?czy?ni;2015;4382
Warmi?sko-Mazurskie;przyst?pi?o;kobiety;2015;5751
Warmi?sko-Mazurskie;przyst?pi?o;m?czy?ni;2016;4048
Warmi?sko-Mazurskie;przyst?pi?o;kobiety;2016;5318
Warmi?sko-Mazurskie;przyst?pi?o;m?czy?ni;2017;4126
Warmi?sko-Mazurskie;przyst?pi?o;kobiety;2017;5146
Warmi?sko-Mazurskie;przyst?pi?o;m?czy?ni;2018;3919
Warmi?sko-Mazurskie;przyst?pi?o;kobiety;2018;4907
Warmi?sko-Mazurskie;zda?o;m?czy?ni;2010;4745
Warmi?sko-Mazurskie;zda?o;kobiety;2010;6340
Warmi?sko-Mazurskie;zda?o;m?czy?ni;2011;4174
Warmi?sko-Mazurskie;zda?o;kobiety;2011;5428
Warmi?sko-Mazurskie;zda?o;m?czy?ni;2012;4125
Warmi?sko-Mazurskie;zda?o;kobiety;2012;5615
Warmi?sko-Mazurskie;zda?o;m?czy?ni;2013;3926
Warmi?sko-Mazurskie;zda?o;kobiety;2013;5290
Warmi?sko-Mazurskie;zda?o;m?czy?ni;2014;3174
Warmi?sko-Mazurskie;zda?o;kobiety;2014;4266
Warmi?sko-Mazurskie;zda?o;m?czy?ni;2015;3164
Warmi?sko-Mazurskie;zda?o;kobiety;2015;4022
Warmi?sko-Mazurskie;zda?o;m?czy?ni;2016;3085
Warmi?sko-Mazurskie;zda?o;kobiety;2016;4024
Warmi?sko-Mazurskie;zda?o;m?czy?ni;2017;3126
Warmi?sko-Mazurskie;zda?o;kobiety;2017;3742
Warmi?sko-Mazurskie;zda?o;m?czy?ni;2018;2968
Warmi?sko-Mazurskie;zda?o;kobiety;2018;3867
Wielkopolskie;przyst?pi?o;m?czy?ni;2010;14251
Wielkopolskie;przyst?pi?o;kobiety;2010;18497
Wielkopolskie;przyst?pi?o;m?czy?ni;2011;13173
Wielkopolskie;przyst?pi?o;kobiety;2011;17444
Wielkopolskie;przyst?pi?o;m?czy?ni;2012;12877
Wielkopolskie;przyst?pi?o;kobiety;2012;16844
Wielkopolskie;przyst?pi?o;m?czy?ni;2013;11963
Wielkopolskie;przyst?pi?o;kobiety;2013;15769
Wielkopolskie;przyst?pi?o;m?czy?ni;2014;11132
Wielkopolskie;przyst?pi?o;kobiety;2014;14789
Wielkopolskie;przyst?pi?o;m?czy?ni;2015;10760
Wielkopolskie;przyst?pi?o;kobiety;2015;13823
Wielkopolskie;przyst?pi?o;m?czy?ni;2016;10123
Wielkopolskie;przyst?pi?o;kobiety;2016;13093
Wielkopolskie;przyst?pi?o;m?czy?ni;2017;10113
Wielkopolskie;przyst?pi?o;kobiety;2017;13015
Wielkopolskie;przyst?pi?o;m?czy?ni;2018;9824
Wielkopolskie;przyst?pi?o;kobiety;2018;12386
Wielkopolskie;zda?o;m?czy?ni;2010;11337
Wielkopolskie;zda?o;kobiety;2010;15243
Wielkopolskie;zda?o;m?czy?ni;2011;9838
Wielkopolskie;zda?o;kobiety;2011;13245
Wielkopolskie;zda?o;m?czy?ni;2012;10317
Wielkopolskie;zda?o;kobiety;2012;13534
Wielkopolskie;zda?o;m?czy?ni;2013;9524
Wielkopolskie;zda?o;kobiety;2013;12803
Wielkopolskie;zda?o;m?czy?ni;2014;7765
Wielkopolskie;zda?o;kobiety;2014;10340
Wielkopolskie;zda?o;m?czy?ni;2015;7821
Wielkopolskie;zda?o;kobiety;2015;10006
Wielkopolskie;zda?o;m?czy?ni;2016;7964
Wielkopolskie;zda?o;kobiety;2016;10246
Wielkopolskie;zda?o;m?czy?ni;2017;7929
Wielkopolskie;zda?o;kobiety;2017;10110
Wielkopolskie;zda?o;m?czy?ni;2018;7648
Wielkopolskie;zda?o;kobiety;2018;9973
Zachodniopomorskie;przyst?pi?o;m?czy?ni;2010;6235
Zachodniopomorskie;przyst?pi?o;kobiety;2010;8349
Zachodniopomorskie;przyst?pi?o;m?czy?ni;2011;5604
Zachodniopomorskie;przyst?pi?o;kobiety;2011;7642
Zachodniopomorskie;przyst?pi?o;m?czy?ni;2012;5558
Zachodniopomorskie;przyst?pi?o;kobiety;2012;7143
Zachodniopomorskie;przyst?pi?o;m?czy?ni;2013;5468
Zachodniopomorskie;przyst?pi?o;kobiety;2013;6939
Zachodniopomorskie;przyst?pi?o;m?czy?ni;2014;5125
Zachodniopomorskie;przyst?pi?o;kobiety;2014;6594
Zachodniopomorskie;przyst?pi?o;m?czy?ni;2015;4720
Zachodniopomorskie;przyst?pi?o;kobiety;2015;5924
Zachodniopomorskie;przyst?pi?o;m?czy?ni;2016;4368
Zachodniopomorskie;przyst?pi?o;kobiety;2016;5488
Zachodniopomorskie;przyst?pi?o;m?czy?ni;2017;4445
Zachodniopomorskie;przyst?pi?o;kobiety;2017;5301
Zachodniopomorskie;przyst?pi?o;m?czy?ni;2018;4172
Zachodniopomorskie;przyst?pi?o;kobiety;2018;5215
Zachodniopomorskie;zda?o;m?czy?ni;2010;5055
Zachodniopomorskie;zda?o;kobiety;2010;6624
Zachodniopomorskie;zda?o;m?czy?ni;2011;4129
Zachodniopomorskie;zda?o;kobiety;2011;5573
Zachodniopomorskie;zda?o;m?czy?ni;2012;4342
Zachodniopomorskie;zda?o;kobiety;2012;5573
Zachodniopomorskie;zda?o;m?czy?ni;2013;4323
Zachodniopomorskie;zda?o;kobiety;2013;5507
Zachodniopomorskie;zda?o;m?czy?ni;2014;3499
Zachodniopomorskie;zda?o;kobiety;2014;4327
Zachodniopomorskie;zda?o;m?czy?ni;2015;3386
Zachodniopomorskie;zda?o;kobiety;2015;4081
Zachodniopomorskie;zda?o;m?czy?ni;2016;3375
Zachodniopomorskie;zda?o;kobiety;2016;4144
Zachodniopomorskie;zda?o;m?czy?ni;2017;3357
Zachodniopomorskie;zda?o;kobiety;2017;3875
Zachodniopomorskie;zda?o;m?czy?ni;2018;3247
Zachodniopomorskie;zda?o;kobiety;2018;3964
